Stock Item Key,WWI Stock Item ID,Stock Item,Color,Selling Package,Buying Package,Brand,Size,Lead Time Days,Quantity Per Outer,Is Chiller Stock,Barcode,Tax Rate,Unit Price,Recommended Retail Price,Typical Weight Per Unit,Valid From,Valid To,Lineage Key
123,97,"""The Gu"" red shirt XML tag t-shirt (Black) 3XL",Black,Each,Carton,,3XL,7,12,False,,7,18.0,26.91,0.4,2013-01-01,,5
420,97,"""The Gu"" red shirt XML tag t-shirt (Black) 3XL",Black,Each,Carton,,3XL,7,12,False,,7,18.0,26.91,0.4,2016-05-31,9999-12-31 23:59:59.996000,5
131,89,"""The Gu"" red shirt XML tag t-shirt (Black) 3XS",Black,Each,Carton,,3XS,7,12,False,,7,18.0,26.91,0.25,2013-01-01,,5
412,89,"""The Gu"" red shirt XML tag t-shirt (Black) 3XS",Black,Each,Carton,,3XS,7,12,False,,7,18.0,26.91,0.25,2016-05-31,9999-12-31 23:59:59.996000,5
122,98,"""The Gu"" red shirt XML tag t-shirt (Black) 4XL",Black,Each,Carton,,4xl,7,12,False,,7,18.0,26.91,0.4,2013-01-01,,5
421,98,"""The Gu"" red shirt XML tag t-shirt (Black) 4XL",Black,Each,Carton,,4XL,7,12,False,,7,18.0,26.91,0.4,2016-05-31,9999-12-31 23:59:59.996000,5
121,99,"""The Gu"" red shirt XML tag t-shirt (Black) 5XL",Black,Each,Carton,,5   X   L,7,12,False,,7,18.0,26.91,0.4,2013-01-01,,5
422,99,"""The Gu"" red shirt XML tag t-shirt (Black) 5XL",Black,Each,Carton,,5xl,7,12,False,,7,18.0,26.91,0.4,2016-05-31,9999-12-31 23:59:59.996000,5
120,100,"""The Gu"" red shirt XML tag t-shirt (Black) 6XL",Black,Each,Carton,,6XL,7,12,False,,7,18.0,26.91,0.4,2013-01-01,,5
423,100,"""The Gu"" red shirt XML tag t-shirt (Black) 6XL",Black,Each,Carton,,6XL,7,12,False,,7,18.0,26.91,0.4,2016-05-31,9999-12-31 23:59:59.996000,5
119,101,"""The Gu"" red shirt XML tag t-shirt (Black) 7XL",Black,Each,Carton,,7XL,7,12,False,,7,18.0,26.91,0.45,2013-01-01,,5
424,101,"""The Gu"" red shirt XML tag t-shirt (Black) 7XL",Black,Each,Carton,,7XL,7,12,False,,7,18.0,26.91,0.45,2016-05-31,9999-12-31 23:59:59.996000,5
126,94,"""The Gu"" red shirt XML tag t-shirt (Black) L",Black,Each,Carton,,L,7,12,False,,7,18.0,26.91,0.35,2013-01-01,,5
417,94,"""The Gu"" red shirt XML tag t-shirt (Black) L",Black,Each,Carton,,L,7,12,False,,7,18.0,26.91,0.35,2016-05-31,9999-12-31 23:59:59.996000,5
127,93,"""The Gu"" red shirt XML tag t-shirt (Black) M",Black,Each,Carton,,M,7,12,False,,7,18.0,26.91,0.35,2013-01-01,,5
416,93,"""The Gu"" red shirt XML tag t-shirt (Black) M",Black,Each,Carton,,M,7,12,False,,7,18.0,26.91,0.35,2016-05-31,9999-12-31 23:59:59.996000,5
128,92,"""The Gu"" red shirt XML tag t-shirt (Black) S",Black,Each,Carton,,S,7,12,False,,7,18.0,26.91,0.3,2013-01-01,,5
415,92,"""The Gu"" red shirt XML tag t-shirt (Black) S",Black,Each,Carton,,s,7,12,False,,7,18.0,26.91,0.3,2016-05-31,9999-12-31 23:59:59.996000,5
125,95,"""The Gu"" red shirt XML tag t-shirt (Black) XL",Black,Each,Carton,,XL,7,12,False,,7,18.0,26.91,0.35,2013-01-01,,5
418,95,"""The Gu"" red shirt XML tag t-shirt (Black) XL",Black,Each,Carton,,XL,7,12,False,,7,18.0,26.91,0.35,2016-05-31,9999-12-31 23:59:59.996000,5
129,91,"""The Gu"" red shirt XML tag t-shirt (Black) XS",Black,Each,Carton,,X s,7,12,False,,7,18.0,26.91,0.25,2013-01-01,,5
414,91,"""The Gu"" red shirt XML tag t-shirt (Black) XS",Black,Each,Carton,,XS,7,12,False,,7,18.0,26.91,0.25,2016-05-31,9999-12-31 23:59:59.996000,5
124,96,"""The Gu"" red shirt XML tag t-shirt (Black) XXL",Black,Each,Carton,,XXL,7,12,False,,7,18.0,26.91,0.4,2013-01-01,,5
419,96,"""The Gu"" red shirt XML tag t-shirt (Black) XXL",Black,Each,Carton,,X X L,7,12,False,,7,18.0,26.91,0.4,2016-05-31,9999-12-31 23:59:59.996000,5
130,90,"""The Gu"" red shirt XML tag t-shirt (Black) XXS",Black,Each,Carton,,XXS,7,12,False,,7,18.0,26.91,0.25,2013-01-01,,5
413,90,"""The Gu"" red shirt XML tag t-shirt (Black) XXS",Black,Each,Carton,,XXS,7,12,False,,7,18.0,26.91,0.25,2016-05-31,9999-12-31 23:59:59.996000,5
136,84,"""The Gu"" red shirt XML tag t-shirt (White) 3XL",White,Each,Carton,,3xl,7,12,False,,7,18.0,26.91,0.4,2013-01-01,,5
407,84,"""The Gu"" red shirt XML tag t-shirt (White) 3XL",White,Each,Carton,,3XL,7,12,False,,7,18.0,26.91,0.4,2016-05-31,9999-12-31 23:59:59.996000,5
144,76,"""The Gu"" red shirt XML tag t-shirt (White) 3XS",White,Each,Carton,,3xs,7,12,False,,7,18.0,26.91,0.25,2013-01-01,,5
399,76,"""The Gu"" red shirt XML tag t-shirt (White) 3XS",White,Each,Carton,,3XS,7,12,False,,7,18.0,26.91,0.25,2016-05-31,9999-12-31 23:59:59.996000,5
135,85,"""The Gu"" red shirt XML tag t-shirt (White) 4XL",White,Each,Carton,,4XL,7,12,False,,7,18.0,26.91,0.4,2013-01-01,,5
408,85,"""The Gu"" red shirt XML tag t-shirt (White) 4XL",White,Each,Carton,,4XL,7,12,False,,7,18.0,26.91,0.4,2016-05-31,9999-12-31 23:59:59.996000,5
134,86,"""The Gu"" red shirt XML tag t-shirt (White) 5XL",White,Each,Carton,,5XL,7,12,False,,7,18.0,26.91,0.4,2013-01-01,,5
409,86,"""The Gu"" red shirt XML tag t-shirt (White) 5XL",White,Each,Carton,,5XL,7,12,False,,7,18.0,26.91,0.4,2016-05-31,9999-12-31 23:59:59.996000,5
133,87,"""The Gu"" red shirt XML tag t-shirt (White) 6XL",White,Each,Carton,,6XL,7,12,False,,7,18.0,26.91,0.4,2013-01-01,,5
410,87,"""The Gu"" red shirt XML tag t-shirt (White) 6XL",White,Each,Carton,,6XL,7,12,False,,7,18.0,26.91,0.4,2016-05-31,9999-12-31 23:59:59.996000,5
132,88,"""The Gu"" red shirt XML tag t-shirt (White) 7XL",White,Each,Carton,,7   X   L,7,12,False,,7,18.0,26.91,0.45,2013-01-01,,5
411,88,"""The Gu"" red shirt XML tag t-shirt (White) 7XL",White,Each,Carton,,7 X l,7,12,False,,7,18.0,26.91,0.45,2016-05-31,9999-12-31 23:59:59.996000,5
139,81,"""The Gu"" red shirt XML tag t-shirt (White) L",White,Each,Carton,,L,7,12,False,,7,18.0,26.91,0.35,2013-01-01,,5
404,81,"""The Gu"" red shirt XML tag t-shirt (White) L",White,Each,Carton,,L,7,12,False,,7,18.0,26.91,0.35,2016-05-31,9999-12-31 23:59:59.996000,5
140,80,"""The Gu"" red shirt XML tag t-shirt (White) M",White,Each,Carton,,M,7,12,False,,7,18.0,26.91,0.35,2013-01-01,,5
403,80,"""The Gu"" red shirt XML tag t-shirt (White) M",White,Each,Carton,,M,7,12,False,,7,18.0,26.91,0.35,2016-05-31,9999-12-31 23:59:59.996000,5
141,79,"""The Gu"" red shirt XML tag t-shirt (White) S",White,Each,Carton,,s,7,12,False,,7,18.0,26.91,0.3,2013-01-01,,5
402,79,"""The Gu"" red shirt XML tag t-shirt (White) S",White,Each,Carton,,S,7,12,False,,7,18.0,26.91,0.3,2016-05-31,9999-12-31 23:59:59.996000,5
138,82,"""The Gu"" red shirt XML tag t-shirt (White) XL",White,Each,Carton,,X L,7,12,False,,7,18.0,26.91,0.35,2013-01-01,,5
405,82,"""The Gu"" red shirt XML tag t-shirt (White) XL",White,Each,Carton,,xl,7,12,False,,7,18.0,26.91,0.35,2016-05-31,9999-12-31 23:59:59.996000,5
142,78,"""The Gu"" red shirt XML tag t-shirt (White) XS",White,Each,Carton,,Xs,7,12,False,,7,18.0,26.91,0.25,2013-01-01,,5
401,78,"""The Gu"" red shirt XML tag t-shirt (White) XS",White,Each,Carton,,XS,7,12,False,,7,18.0,26.91,0.25,2016-05-31,9999-12-31 23:59:59.996000,5
137,83,"""The Gu"" red shirt XML tag t-shirt (White) XXL",White,Each,Carton,,X X L,7,12,False,,7,18.0,26.91,0.4,2013-01-01,,5
406,83,"""The Gu"" red shirt XML tag t-shirt (White) XXL",White,Each,Carton,,Xxl,7,12,False,,7,18.0,26.91,0.4,2016-05-31,9999-12-31 23:59:59.996000,5
143,77,"""The Gu"" red shirt XML tag t-shirt (White) XXS",White,Each,Carton,,XXS,7,12,False,,7,18.0,26.91,0.25,2013-01-01,,5
400,77,"""The Gu"" red shirt XML tag t-shirt (White) XXS",White,Each,Carton,,X x s,7,12,False,,7,18.0,26.91,0.25,2016-05-31,9999-12-31 23:59:59.996000,5
55,165,10 mm Anti static bubble wrap (Blue) 10m,Blue,Each,Each,,10m,14,10,False,,14,26.0,38.87,5.0,2013-01-01,,5
347,165,10 mm Anti static bubble wrap (Blue) 10m,Blue,Each,Each,,10M,14,10,False,,14,26.0,38.87,5.0,2016-05-31,2016-05-31 00:00:00,5
54,166,10 mm Anti static bubble wrap (Blue) 20m,Blue,Each,Each,,20m,14,10,False,,14,42.0,62.79,6.0,2013-01-01,,5
346,166,10 mm Anti static bubble wrap (Blue) 20m,Blue,Each,Each,,2 0 m,14,10,False,,14,42.0,62.79,6.0,2016-05-31,2016-05-31 00:00:00,5
53,167,10 mm Anti static bubble wrap (Blue) 50m,Blue,Each,Each,,50m,14,10,False,,14,99.0,148.01,10.0,2013-01-01,,5
345,167,10 mm Anti static bubble wrap (Blue) 50m,Blue,Each,Each,,50m,14,10,False,,14,99.0,148.01,10.0,2016-05-31,2016-05-31 00:00:00,5
64,156,10 mm Double sided bubble wrap 10m,,Each,Each,,10m,14,10,False,,14,15.0,22.43,5.0,2013-01-01,,5
356,156,10 mm Double sided bubble wrap 10m,,Each,Each,,1 0 m,14,10,False,,14,15.0,22.43,5.0,2016-05-31,2016-05-31 00:00:00,5
63,157,10 mm Double sided bubble wrap 20m,,Each,Each,,20m,14,10,False,,14,30.0,44.85,6.0,2013-01-01,,5
355,157,10 mm Double sided bubble wrap 20m,,Each,Each,,20m,14,10,False,,14,30.0,44.85,6.0,2016-05-31,2016-05-31 00:00:00,5
62,158,10 mm Double sided bubble wrap 50m,,Each,Each,,5 0 m,14,10,False,,14,105.0,156.98,10.0,2013-01-01,,5
354,158,10 mm Double sided bubble wrap 50m,,Each,Each,,50m,14,10,False,,14,105.0,156.98,10.0,2016-05-31,2016-05-31 00:00:00,5
52,168,20 mm Anti static bubble wrap (Blue) 10m,Blue,Each,Each,,10m,14,10,False,,14,29.0,43.36,5.0,2013-01-01,,5
344,168,20 mm Anti static bubble wrap (Blue) 10m,Blue,Each,Each,,1 0 m,14,10,False,,14,29.0,43.36,5.0,2016-05-31,2016-05-31 00:00:00,5
51,169,20 mm Anti static bubble wrap (Blue) 20m,Blue,Each,Each,,20m,14,10,False,,14,45.0,67.28,6.0,2013-01-01,,5
343,169,20 mm Anti static bubble wrap (Blue) 20m,Blue,Each,Each,,20m,14,10,False,,14,45.0,67.28,6.0,2016-05-31,2016-05-31 00:00:00,5
50,170,20 mm Anti static bubble wrap (Blue) 50m,Blue,Each,Each,,50m,14,10,False,,14,102.0,152.49,10.0,2013-01-01,,5
342,170,20 mm Anti static bubble wrap (Blue) 50m,Blue,Each,Each,,50m,14,10,False,,14,102.0,152.49,10.0,2016-05-31,2016-05-31 00:00:00,5
61,159,20 mm Double sided bubble wrap 10m,,Each,Each,,10m,14,10,False,,14,18.0,26.91,5.0,2013-01-01,,5
353,159,20 mm Double sided bubble wrap 10m,,Each,Each,,10m,14,10,False,,14,18.0,26.91,5.0,2016-05-31,2016-05-31 00:00:00,5
60,160,20 mm Double sided bubble wrap 20m,,Each,Each,,20m,14,10,False,,14,33.0,49.34,6.0,2013-01-01,,5
352,160,20 mm Double sided bubble wrap 20m,,Each,Each,,20m,14,10,False,,14,33.0,49.34,6.0,2016-05-31,2016-05-31 00:00:00,5
59,161,20 mm Double sided bubble wrap 50m,,Each,Each,,50m,14,10,False,,14,108.0,161.46,10.0,2013-01-01,,5
351,161,20 mm Double sided bubble wrap 50m,,Each,Each,,50m,14,10,False,,14,108.0,161.46,10.0,2016-05-31,2016-05-31 00:00:00,5
32,188,3 kg Courier post bag (White) 300x190x95mm,,Each,Each,,300x190x95mm,14,25,False,,14,0.66,0.99,0.1,2013-01-01,,5
324,188,3 kg Courier post bag (White) 300x190x95mm,,Each,Each,,300x190x95mm,14,25,False,,14,0.66,0.99,0.1,2016-05-31,2016-05-31 00:00:00,5
49,171,32 mm Anti static bubble wrap (Blue) 10m,Blue,Each,Each,,10m,14,10,False,,14,32.0,47.84,5.0,2013-01-01,,5
341,171,32 mm Anti static bubble wrap (Blue) 10m,Blue,Each,Each,,10m,14,10,False,,14,32.0,47.84,5.0,2016-05-31,2016-05-31 00:00:00,5
48,172,32 mm Anti static bubble wrap (Blue) 20m,Blue,Each,Each,,20m,14,10,False,,14,48.0,71.76,6.0,2013-01-01,,5
340,172,32 mm Anti static bubble wrap (Blue) 20m,Blue,Each,Each,,20m,14,10,False,,14,48.0,71.76,6.0,2016-05-31,2016-05-31 00:00:00,5
47,173,32 mm Anti static bubble wrap (Blue) 50m,Blue,Each,Each,,50m,14,10,False,,14,105.0,156.98,10.0,2013-01-01,,5
339,173,32 mm Anti static bubble wrap (Blue) 50m,Blue,Each,Each,,50m,14,10,False,,14,105.0,156.98,10.0,2016-05-31,2016-05-31 00:00:00,5
58,162,32 mm Double sided bubble wrap 10m,,Each,Each,,10m,14,10,False,,14,22.0,32.89,5.0,2013-01-01,,5
350,162,32 mm Double sided bubble wrap 10m,,Each,Each,,10m,14,10,False,,14,22.0,32.89,5.0,2016-05-31,2016-05-31 00:00:00,5
57,163,32 mm Double sided bubble wrap 20m,,Each,Each,,20m,14,10,False,,14,37.0,55.32,6.0,2013-01-01,,5
349,163,32 mm Double sided bubble wrap 20m,,Each,Each,,20m,14,10,False,,14,37.0,55.32,6.0,2016-05-31,2016-05-31 00:00:00,5
56,164,32 mm Double sided bubble wrap 50m,,Each,Each,,50m,14,10,False,,14,112.0,167.44,10.0,2013-01-01,,5
348,164,32 mm Double sided bubble wrap 50m,,Each,Each,,50m,14,10,False,,14,112.0,167.44,10.0,2016-05-31,2016-05-31 00:00:00,5
7,213,Air cushion film 200mmx100mm 325m,,Each,Each,,325m,14,1,False,,14,87.0,130.07,5.0,2013-01-01,,5
299,213,Air cushion film 200mmx100mm 325m,,Each,Each,,325m,14,1,False,,14,87.0,130.07,5.0,2016-05-31,2016-05-31 00:00:00,5
6,214,Air cushion film 200mmx200mm 325m,,Each,Each,,325m,14,1,False,,14,90.0,134.55,6.0,2013-01-01,,5
298,214,Air cushion film 200mmx200mm 325m,,Each,Each,,325m,14,1,False,,14,90.0,134.55,6.0,2016-05-31,2016-05-31 00:00:00,5
5,215,Air cushion machine (Blue),,Each,Each,,,20,1,False,,20,1899.0,2839.01,10.0,2013-01-01,,5
297,215,Air cushion machine (Blue),,Each,Each,,,20,1,False,,20,1899.0,2839.01,10.0,2016-05-31,2016-05-31 00:00:00,5
116,104,Alien officer hoodie (Black) 3XL,Black,Each,Each,,3xl,12,1,False,,12,35.0,52.33,0.4,2013-01-01,,5
427,104,Alien officer hoodie (Black) 3XL,Black,Each,Each,,3XL,12,1,False,,12,35.0,52.33,0.4,2016-05-31,9999-12-31 23:59:59.996000,5
115,105,Alien officer hoodie (Black) 4XL,Black,Each,Each,,4XL,12,1,False,,12,35.0,52.33,0.4,2013-01-01,,5
428,105,Alien officer hoodie (Black) 4XL,Black,Each,Each,,4XL,12,1,False,,12,35.0,52.33,0.4,2016-05-31,9999-12-31 23:59:59.996000,5
114,106,Alien officer hoodie (Black) 5XL,Black,Each,Each,,5XL,12,1,False,,12,35.0,52.33,0.4,2013-01-01,,5
429,106,Alien officer hoodie (Black) 5XL,Black,Each,Each,,5XL,12,1,False,,12,35.0,52.33,0.4,2016-05-31,9999-12-31 23:59:59.996000,5
118,102,Alien officer hoodie (Black) XL,Black,Each,Each,,XL,12,1,False,,12,35.0,52.33,0.4,2013-01-01,,5
425,102,Alien officer hoodie (Black) XL,Black,Each,Each,,XL,12,1,False,,12,35.0,52.33,0.4,2016-05-31,9999-12-31 23:59:59.996000,5
117,103,Alien officer hoodie (Black) XXL,Black,Each,Each,,xXL,12,1,False,,12,35.0,52.33,0.4,2013-01-01,,5
426,103,Alien officer hoodie (Black) XXL,Black,Each,Each,,XXL,12,1,False,,12,35.0,52.33,0.4,2016-05-31,9999-12-31 23:59:59.996000,5
84,136,Animal with big feet slippers (Brown) L,,Each,Each,,L,12,1,False,,12,32.0,47.84,0.35,2013-01-01,,5
361,136,Animal with big feet slippers (Brown) L,,Each,Each,,L,12,1,False,,12,32.0,47.84,0.35,2016-05-31,2016-05-31 00:00:00,5
85,135,Animal with big feet slippers (Brown) M,,Each,Each,,M,12,1,False,,12,32.0,47.84,0.35,2013-01-01,,5
362,135,Animal with big feet slippers (Brown) M,,Each,Each,,M,12,1,False,,12,32.0,47.84,0.35,2016-05-31,2016-05-31 00:00:00,5
86,134,Animal with big feet slippers (Brown) S,,Each,Each,,S,12,1,False,,12,32.0,47.84,0.35,2013-01-01,,5
363,134,Animal with big feet slippers (Brown) S,,Each,Each,,S,12,1,False,,12,32.0,47.84,0.35,2016-05-31,2016-05-31 00:00:00,5
83,137,Animal with big feet slippers (Brown) XL,,Each,Each,,Xl,12,1,False,,12,32.0,47.84,0.4,2013-01-01,,5
360,137,Animal with big feet slippers (Brown) XL,,Each,Each,,XL,12,1,False,,12,32.0,47.84,0.4,2016-05-31,2016-05-31 00:00:00,5
28,192,Black and orange fragile despatch tape 48mmx100m,,Each,Each,,4 8 M M X 1 0 0 M,14,36,False,,14,4.1,6.13,0.7,2013-01-01,,5
320,192,Black and orange fragile despatch tape 48mmx100m,,Each,Each,,48MMX100M,14,36,False,,14,4.1,6.13,0.7,2016-05-31,2016-05-31 00:00:00,5
29,191,Black and orange fragile despatch tape 48mmx75m,,Each,Each,,48mmx75m,14,36,False,,14,3.7,5.53,0.5,2013-01-01,,5
321,191,Black and orange fragile despatch tape 48mmx75m,,Each,Each,,48Mmx75M,14,36,False,,14,3.7,5.53,0.5,2016-05-31,2016-05-31 00:00:00,5
26,194,Black and orange glass with care despatch tape  48mmx100m,,Each,Each,,48mmx100m,14,24,False,,14,4.1,6.13,0.7,2013-01-01,,5
318,194,Black and orange glass with care despatch tape  48mmx100m,,Each,Each,,48mmx100m,14,24,False,,14,4.1,6.13,0.7,2016-05-31,2016-05-31 00:00:00,5
27,193,Black and orange glass with care despatch tape 48mmx75m,,Each,Each,,4 8 m m x 7 5 m,14,24,False,,14,3.7,5.53,0.5,2013-01-01,,5
319,193,Black and orange glass with care despatch tape 48mmx75m,,Each,Each,,48MMX75M,14,24,False,,14,3.7,5.53,0.5,2016-05-31,2016-05-31 00:00:00,5
24,196,Black and orange handle with care despatch tape  48mmx100m,,Each,Each,,48mmx100m,14,24,False,,14,4.1,6.13,0.7,2013-01-01,,5
316,196,Black and orange handle with care despatch tape  48mmx100m,,Each,Each,,48mmx100m,14,24,False,,14,4.1,6.13,0.7,2016-05-31,2016-05-31 00:00:00,5
25,195,Black and orange handle with care despatch tape  48mmx75m,,Each,Each,,48mmx75m,14,24,False,,14,3.7,5.53,0.5,2013-01-01,,5
317,195,Black and orange handle with care despatch tape  48mmx75m,,Each,Each,,48mmx75m,14,24,False,,14,3.7,5.53,0.5,2016-05-31,2016-05-31 00:00:00,5
22,198,Black and orange this way up despatch tape  48mmx100m,,Each,Each,,48mmx100m,14,24,False,,14,4.1,6.13,0.7,2013-01-01,,5
314,198,Black and orange this way up despatch tape  48mmx100m,,Each,Each,,48mmx100m,14,24,False,,14,4.1,6.13,0.7,2016-05-31,2016-05-31 00:00:00,5
23,197,Black and orange this way up despatch tape 48mmx75m,,Each,Each,,48mmx75m,14,24,False,,14,3.7,5.53,0.5,2013-01-01,,5
315,197,Black and orange this way up despatch tape 48mmx75m,,Each,Each,,48mmx75m,14,24,False,,14,3.7,5.53,0.5,2016-05-31,2016-05-31 00:00:00,5
21,199,Black and yellow heavy despatch tape  48mmx75m,,Each,Each,,48mmx75m,14,24,False,,14,3.7,5.53,0.5,2013-01-01,,5
313,199,Black and yellow heavy despatch tape  48mmx75m,,Each,Each,,48mmx75m,14,24,False,,14,3.7,5.53,0.5,2016-05-31,2016-05-31 00:00:00,5
20,200,Black and yellow heavy despatch tape 48mmx100m,,Each,Each,,48Mmx100M,14,24,False,,14,4.1,6.13,0.7,2013-01-01,,5
312,200,Black and yellow heavy despatch tape 48mmx100m,,Each,Each,,4 8 M M X 1 0 0 M,14,24,False,,14,4.1,6.13,0.7,2016-05-31,2016-05-31 00:00:00,5
46,174,Bubblewrap dispenser (Black) 1.5m,Black,Each,Each,,1 . 5 m,14,1,False,,14,240.0,358.8,10.0,2013-01-01,,5
338,174,Bubblewrap dispenser (Black) 1.5m,Black,Each,Each,,1.5m,14,1,False,,14,240.0,358.8,10.0,2016-05-31,2016-05-31 00:00:00,5
45,175,Bubblewrap dispenser (Blue) 1.5m,Blue,Each,Each,,1.5m,14,1,False,,14,240.0,358.8,10.0,2013-01-01,,5
337,175,Bubblewrap dispenser (Blue) 1.5m,Blue,Each,Each,,1.5m,14,1,False,,14,240.0,358.8,10.0,2016-05-31,2016-05-31 00:00:00,5
44,176,Bubblewrap dispenser (Red) 1.5m,Red,Each,Each,,1.5m,14,1,False,,14,240.0,358.8,10.0,2013-01-01,,5
336,176,Bubblewrap dispenser (Red) 1.5m,Red,Each,Each,,1.5m,14,1,False,,14,240.0,358.8,10.0,2016-05-31,2016-05-31 00:00:00,5
223,222,Chocolate beetles 250g,,Bag,Carton,,2 5 0 g,3,24,True,8792838293820.0,3,8.55,12.23,0.25,2016-02-01,,5
447,222,Chocolate beetles 250g,,Bag,Carton,,2   5   0   g,3,24,True,8792838293820.0,3,8.55,12.23,0.25,2016-05-31,9999-12-31 23:59:59.996000,5
222,223,Chocolate echidnas 250g,,Bag,Carton,,250g,3,24,True,8792838293728.0,3,8.55,12.23,0.25,2016-01-02,,5
448,223,Chocolate echidnas 250g,,Bag,Carton,,2 5 0 g,3,24,True,8792838293728.0,3,8.55,12.23,0.25,2016-05-31,9999-12-31 23:59:59.996000,5
225,224,Chocolate frogs 250g,,Bag,Carton,,250g,3,24,True,8792838293987.0,3,8.55,12.23,0.25,2016-04-01,,5
449,224,Chocolate frogs 250g,,Bag,Carton,,250g,3,24,True,8792838293987.0,3,8.55,12.23,0.25,2016-05-31,9999-12-31 23:59:59.996000,5
224,225,Chocolate sharks 250g,,Bag,Carton,,2 5 0 g,3,24,True,8792838293234.0,3,8.55,12.23,0.25,2016-01-04,,5
450,225,Chocolate sharks 250g,,Bag,Carton,,250g,3,24,True,8792838293234.0,3,8.55,12.23,0.25,2016-05-31,9999-12-31 23:59:59.996000,5
30,190,Clear packaging tape 48mmx100m,,Each,Each,,4 8 m m x 1 0 0 m,14,20,False,,14,3.5,5.23,0.7,2013-01-01,,5
322,190,Clear packaging tape 48mmx100m,,Each,Each,,48MMX100M,14,20,False,,14,3.5,5.23,0.7,2016-05-31,2016-05-31 00:00:00,5
31,189,Clear packaging tape 48mmx75m,,Each,Each,,48mmx75m,14,26,False,,14,2.9,4.34,0.5,2013-01-01,,5
323,189,Clear packaging tape 48mmx75m,,Each,Each,,48mmx75m,14,26,False,,14,2.9,4.34,0.5,2016-05-31,2016-05-31 00:00:00,5
195,25,DBA joke mug - I will get you in order (Black),Black,Each,Each,,,12,1,False,,12,13.0,19.44,0.15,2013-01-01,,5
281,25,DBA joke mug - I will get you in order (Black),Black,Each,Each,,,12,1,False,,12,13.0,19.44,0.15,2016-05-31,2016-05-31 00:00:00,5
196,24,DBA joke mug - I will get you in order (White),White,Each,Each,,,12,1,False,,12,13.0,19.44,0.15,2013-01-01,,5
282,24,DBA joke mug - I will get you in order (White),White,Each,Each,,,12,1,False,,12,13.0,19.44,0.15,2016-05-31,2016-05-31 00:00:00,5
193,27,DBA joke mug - SELECT caffeine FROM mug (Black),Black,Each,Each,,,12,1,False,,12,13.0,19.44,0.15,2013-01-01,,5
279,27,DBA joke mug - SELECT caffeine FROM mug (Black),Black,Each,Each,,,12,1,False,,12,13.0,19.44,0.15,2016-05-31,2016-05-31 00:00:00,5
194,26,DBA joke mug - SELECT caffeine FROM mug (White),White,Each,Each,,,12,1,False,,12,13.0,19.44,0.15,2013-01-01,,5
280,26,DBA joke mug - SELECT caffeine FROM mug (White),White,Each,Each,,,12,1,False,,12,13.0,19.44,0.15,2016-05-31,2016-05-31 00:00:00,5
201,19,DBA joke mug - daaaaaa-ta (Black),Black,Each,Each,,,12,1,False,,12,13.0,19.44,0.15,2013-01-01,,5
287,19,DBA joke mug - daaaaaa-ta (Black),Black,Each,Each,,,12,1,False,,12,13.0,19.44,0.15,2016-05-31,2016-05-31 00:00:00,5
202,18,DBA joke mug - daaaaaa-ta (White),White,Each,Each,,,12,1,False,,12,13.0,19.44,0.15,2013-01-01,,5
288,18,DBA joke mug - daaaaaa-ta (White),White,Each,Each,,,12,1,False,,12,13.0,19.44,0.15,2016-05-31,2016-05-31 00:00:00,5
197,23,DBA joke mug - it depends (Black),Black,Each,Each,,,12,1,False,,12,13.0,19.44,0.15,2013-01-01,,5
283,23,DBA joke mug - it depends (Black),Black,Each,Each,,,12,1,False,,12,13.0,19.44,0.15,2016-05-31,2016-05-31 00:00:00,5
198,22,DBA joke mug - it depends (White),White,Each,Each,,,12,1,False,,12,13.0,19.44,0.15,2013-01-01,,5
284,22,DBA joke mug - it depends (White),White,Each,Each,,,12,1,False,,12,13.0,19.44,0.15,2016-05-31,2016-05-31 00:00:00,5
203,17,DBA joke mug - mind if I join you? (Black),Black,Each,Each,,,12,1,False,,12,13.0,19.44,0.15,2013-01-01,,5
289,17,DBA joke mug - mind if I join you? (Black),Black,Each,Each,,,12,1,False,,12,13.0,19.44,0.15,2016-05-31,2016-05-31 00:00:00,5
204,16,DBA joke mug - mind if I join you? (White),White,Each,Each,,,12,1,False,,12,13.0,19.44,0.15,2013-01-01,,5
290,16,DBA joke mug - mind if I join you? (White),White,Each,Each,,,12,1,False,,12,13.0,19.44,0.15,2016-05-31,2016-05-31 00:00:00,5
191,29,DBA joke mug - two types of DBAs (Black),Black,Each,Each,,,12,1,False,,12,13.0,19.44,0.15,2013-01-01,,5
277,29,DBA joke mug - two types of DBAs (Black),Black,Each,Each,,,12,1,False,,12,13.0,19.44,0.15,2016-05-31,2016-05-31 00:00:00,5
192,28,DBA joke mug - two types of DBAs (White),White,Each,Each,,,12,1,False,,12,13.0,19.44,0.15,2013-01-01,,5
278,28,DBA joke mug - two types of DBAs (White),White,Each,Each,,,12,1,False,,12,13.0,19.44,0.15,2016-05-31,2016-05-31 00:00:00,5
199,21,DBA joke mug - you might be a DBA if (Black),Black,Each,Each,,,12,1,False,,12,13.0,19.44,0.15,2013-01-01,,5
285,21,DBA joke mug - you might be a DBA if (Black),Black,Each,Each,,,12,1,False,,12,13.0,19.44,0.15,2016-05-31,2016-05-31 00:00:00,5
200,20,DBA joke mug - you might be a DBA if (White),White,Each,Each,,,12,1,False,,12,13.0,19.44,0.15,2013-01-01,,5
286,20,DBA joke mug - you might be a DBA if (White),White,Each,Each,,,12,1,False,,12,13.0,19.44,0.15,2016-05-31,2016-05-31 00:00:00,5
179,41,"Developer joke mug - (hip, hip, array) (Black)",Black,Each,Each,,,12,1,False,,12,13.0,19.44,0.15,2013-01-01,,5
265,41,"Developer joke mug - (hip, hip, array) (Black)",Black,Each,Each,,,12,1,False,,12,13.0,19.44,0.15,2016-05-31,2016-05-31 00:00:00,5
180,40,"Developer joke mug - (hip, hip, array) (White)",White,Each,Each,,,12,1,False,,12,13.0,19.44,0.15,2013-01-01,,5
266,40,"Developer joke mug - (hip, hip, array) (White)",White,Each,Each,,,12,1,False,,12,13.0,19.44,0.15,2016-05-31,2016-05-31 00:00:00,5
189,31,Developer joke mug - Oct 31 = Dec 25 (Black),Black,Each,Each,,,12,1,False,,12,13.0,19.44,0.15,2013-01-01,,5
275,31,Developer joke mug - Oct 31 = Dec 25 (Black),Black,Each,Each,,,12,1,False,,12,13.0,19.44,0.15,2016-05-31,2016-05-31 00:00:00,5
190,30,Developer joke mug - Oct 31 = Dec 25 (White),White,Each,Each,,,12,1,False,,12,13.0,19.44,0.15,2013-01-01,,5
276,30,Developer joke mug - Oct 31 = Dec 25 (White),White,Each,Each,,,12,1,False,,12,13.0,19.44,0.15,2016-05-31,2016-05-31 00:00:00,5
173,47,Developer joke mug - a foo walks into a bar (Black),Black,Each,Each,,,12,1,False,,12,13.0,19.44,0.15,2013-01-01,,5
259,47,Developer joke mug - a foo walks into a bar (Black),Black,Each,Each,,,12,1,False,,12,13.0,19.44,0.15,2016-05-31,2016-05-31 00:00:00,5
174,46,Developer joke mug - a foo walks into a bar (White),White,Each,Each,,,12,1,False,,12,13.0,19.44,0.15,2013-01-01,,5
260,46,Developer joke mug - a foo walks into a bar (White),White,Each,Each,,,12,1,False,,12,13.0,19.44,0.15,2016-05-31,2016-05-31 00:00:00,5
185,35,Developer joke mug - fun was unexpected at this time (Black),Black,Each,Each,,,12,1,False,,12,13.0,19.44,0.15,2013-01-01,,5
271,35,Developer joke mug - fun was unexpected at this time (Black),Black,Each,Each,,,12,1,False,,12,13.0,19.44,0.15,2016-05-31,2016-05-31 00:00:00,5
186,34,Developer joke mug - fun was unexpected at this time (White),White,Each,Each,,,12,1,False,,12,13.0,19.44,0.15,2013-01-01,,5
272,34,Developer joke mug - fun was unexpected at this time (White),White,Each,Each,,,12,1,False,,12,13.0,19.44,0.15,2016-05-31,2016-05-31 00:00:00,5
181,39,Developer joke mug - inheritance is the OO way to become wealthy (Black),Black,Each,Each,,,12,1,False,,12,13.0,19.44,0.15,2013-01-01,,5
267,39,Developer joke mug - inheritance is the OO way to become wealthy (Black),Black,Each,Each,,,12,1,False,,12,13.0,19.44,0.15,2016-05-31,2016-05-31 00:00:00,5
182,38,Developer joke mug - inheritance is the OO way to become wealthy (White),White,Each,Each,,,12,1,False,,12,13.0,19.44,0.15,2013-01-01,,5
268,38,Developer joke mug - inheritance is the OO way to become wealthy (White),White,Each,Each,,,12,1,False,,12,13.0,19.44,0.15,2016-05-31,2016-05-31 00:00:00,5
169,51,Developer joke mug - old C developers never die (Black),Black,Each,Each,,,12,1,False,,12,13.0,19.44,0.15,2013-01-01,,5
255,51,Developer joke mug - old C developers never die (Black),Black,Each,Each,,,12,1,False,,12,13.0,19.44,0.15,2016-05-31,2016-05-31 00:00:00,5
170,50,Developer joke mug - old C developers never die (White),White,Each,Each,,,12,1,False,,12,13.0,19.44,0.15,2013-01-01,,5
256,50,Developer joke mug - old C developers never die (White),White,Each,Each,,,12,1,False,,12,13.0,19.44,0.15,2016-05-31,2016-05-31 00:00:00,5
187,33,Developer joke mug - that's a hardware problem (Black),Black,Each,Each,,,12,1,False,,12,13.0,19.44,0.15,2013-01-01,,5
273,33,Developer joke mug - that's a hardware problem (Black),Black,Each,Each,,,12,1,False,,12,13.0,19.44,0.15,2016-05-31,2016-05-31 00:00:00,5
188,32,Developer joke mug - that's a hardware problem (White),White,Each,Each,,,12,1,False,,12,13.0,19.44,0.15,2013-01-01,,5
274,32,Developer joke mug - that's a hardware problem (White),White,Each,Each,,,12,1,False,,12,13.0,19.44,0.15,2016-05-31,2016-05-31 00:00:00,5
175,45,Developer joke mug - there are 10 types of people in the world (Black),Black,Each,Each,,,12,1,False,,12,13.0,19.44,0.15,2013-01-01,,5
261,45,Developer joke mug - there are 10 types of people in the world (Black),Black,Each,Each,,,12,1,False,,12,13.0,19.44,0.15,2016-05-31,2016-05-31 00:00:00,5
176,44,Developer joke mug - there are 10 types of people in the world (White),White,Each,Each,,,12,1,False,,12,13.0,19.44,0.15,2013-01-01,,5
262,44,Developer joke mug - there are 10 types of people in the world (White),White,Each,Each,,,12,1,False,,12,13.0,19.44,0.15,2016-05-31,2016-05-31 00:00:00,5
171,49,Developer joke mug - this code was generated by a tool (Black),Black,Each,Each,,,12,1,False,,12,13.0,19.44,0.15,2013-01-01,,5
257,49,Developer joke mug - this code was generated by a tool (Black),Black,Each,Each,,,12,1,False,,12,13.0,19.44,0.15,2016-05-31,2016-05-31 00:00:00,5
172,48,Developer joke mug - this code was generated by a tool (White),White,Each,Each,,,12,1,False,,12,13.0,19.44,0.15,2013-01-01,,5
258,48,Developer joke mug - this code was generated by a tool (White),White,Each,Each,,,12,1,False,,12,13.0,19.44,0.15,2016-05-31,2016-05-31 00:00:00,5
177,43,Developer joke mug - understanding recursion requires understanding recursion (Black),Black,Each,Each,,,12,1,False,,12,13.0,19.44,0.15,2013-01-01,,5
263,43,Developer joke mug - understanding recursion requires understanding recursion (Black),Black,Each,Each,,,12,1,False,,12,13.0,19.44,0.15,2016-05-31,2016-05-31 00:00:00,5
178,42,Developer joke mug - understanding recursion requires understanding recursion (White),White,Each,Each,,,12,1,False,,12,13.0,19.44,0.15,2013-01-01,,5
264,42,Developer joke mug - understanding recursion requires understanding recursion (White),White,Each,Each,,,12,1,False,,12,13.0,19.44,0.15,2016-05-31,2016-05-31 00:00:00,5
183,37,Developer joke mug - when your hammer is C++ (Black),Black,Each,Each,,,12,1,False,,12,13.0,19.44,0.15,2013-01-01,,5
269,37,Developer joke mug - when your hammer is C++ (Black),Black,Each,Each,,,12,1,False,,12,13.0,19.44,0.15,2016-05-31,2016-05-31 00:00:00,5
184,36,Developer joke mug - when your hammer is C++ (White),White,Each,Each,,,12,1,False,,12,13.0,19.44,0.15,2013-01-01,,5
270,36,Developer joke mug - when your hammer is C++ (White),White,Each,Each,,,12,1,False,,12,13.0,19.44,0.15,2016-05-31,2016-05-31 00:00:00,5
100,120,Dinosaur battery-powered slippers (Green) L,,Each,Each,,L,12,1,False,,12,32.0,47.84,0.35,2013-01-01,,5
377,120,Dinosaur battery-powered slippers (Green) L,,Each,Each,,L,12,1,False,,12,32.0,47.84,0.35,2016-05-31,2016-05-31 00:00:00,5
101,119,Dinosaur battery-powered slippers (Green) M,,Each,Each,,M,12,1,False,,12,32.0,47.84,0.35,2013-01-01,,5
378,119,Dinosaur battery-powered slippers (Green) M,,Each,Each,,M,12,1,False,,12,32.0,47.84,0.35,2016-05-31,2016-05-31 00:00:00,5
102,118,Dinosaur battery-powered slippers (Green) S,,Each,Each,,S,12,1,False,,12,32.0,47.84,0.35,2013-01-01,,5
379,118,Dinosaur battery-powered slippers (Green) S,,Each,Each,,S,12,1,False,,12,32.0,47.84,0.35,2016-05-31,2016-05-31 00:00:00,5
99,121,Dinosaur battery-powered slippers (Green) XL,,Each,Each,,XL,12,1,False,,12,32.0,47.84,0.4,2013-01-01,,5
376,121,Dinosaur battery-powered slippers (Green) XL,,Each,Each,,XL,12,1,False,,12,32.0,47.84,0.4,2016-05-31,2016-05-31 00:00:00,5
33,187,Express post box 5kg (White) 350x280x130mm,,Each,Each,,350x280x130mm,14,25,False,,14,0.95,1.42,0.2,2013-01-01,,5
325,187,Express post box 5kg (White) 350x280x130mm,,Each,Each,,350x280x130mm,14,25,False,,14,0.95,1.42,0.2,2016-05-31,2016-05-31 00:00:00,5
80,140,Furry animal socks (Pink) L,,Pair,Packet,,L,12,12,False,,12,5.0,7.48,0.1,2013-01-01,,5
443,140,Furry animal socks (Pink) L,,Pair,Packet,,l,12,12,False,,12,5.0,7.48,0.1,2016-05-31,9999-12-31 23:59:59.996000,5
81,139,Furry animal socks (Pink) M,,Pair,Packet,,M,12,12,False,,12,5.0,7.48,0.1,2013-01-01,,5
442,139,Furry animal socks (Pink) M,,Pair,Packet,,M,12,12,False,,12,5.0,7.48,0.1,2016-05-31,9999-12-31 23:59:59.996000,5
82,138,Furry animal socks (Pink) S,,Pair,Packet,,S,12,12,False,,12,5.0,7.48,0.1,2013-01-01,,5
441,138,Furry animal socks (Pink) S,,Pair,Packet,,S,12,12,False,,12,5.0,7.48,0.1,2016-05-31,9999-12-31 23:59:59.996000,5
79,141,Furry animal socks (Pink) XL,,Pair,Packet,,XL,12,12,False,,12,5.0,7.48,0.1,2013-01-01,,5
444,141,Furry animal socks (Pink) XL,,Pair,Packet,,XL,12,12,False,,12,5.0,7.48,0.1,2016-05-31,9999-12-31 23:59:59.996000,5
88,132,Furry gorilla with big eyes slippers (Black) L,Black,Each,Each,,L,12,1,False,,12,32.0,47.84,0.35,2013-01-01,,5
365,132,Furry gorilla with big eyes slippers (Black) L,Black,Each,Each,,L,12,1,False,,12,32.0,47.84,0.35,2016-05-31,2016-05-31 00:00:00,5
89,131,Furry gorilla with big eyes slippers (Black) M,Black,Each,Each,,M,12,1,False,,12,32.0,47.84,0.35,2013-01-01,,5
366,131,Furry gorilla with big eyes slippers (Black) M,Black,Each,Each,,M,12,1,False,,12,32.0,47.84,0.35,2016-05-31,2016-05-31 00:00:00,5
90,130,Furry gorilla with big eyes slippers (Black) S,Black,Each,Each,,S,12,1,False,,12,32.0,47.84,0.35,2013-01-01,,5
367,130,Furry gorilla with big eyes slippers (Black) S,Black,Each,Each,,S,12,1,False,,12,32.0,47.84,0.35,2016-05-31,2016-05-31 00:00:00,5
87,133,Furry gorilla with big eyes slippers (Black) XL,Black,Each,Each,,XL,12,1,False,,12,32.0,47.84,0.4,2013-01-01,,5
364,133,Furry gorilla with big eyes slippers (Black) XL,Black,Each,Each,,X L,12,1,False,,12,32.0,47.84,0.4,2016-05-31,2016-05-31 00:00:00,5
72,148,Halloween skull mask (Gray) L,Gray,Each,Carton,,L,12,12,False,,12,18.0,26.91,0.3,2013-01-01,,5
381,148,Halloween skull mask (Gray) L,Steel Gray,Each,Carton,,L,12,12,False,,12,18.0,26.91,0.3,2016-05-31,2016-05-31 00:00:00,5
73,147,Halloween skull mask (Gray) M,Gray,Each,Carton,,M,12,12,False,,12,18.0,26.91,0.3,2013-01-01,,5
382,147,Halloween skull mask (Gray) M,Steel Gray,Each,Carton,,m,12,12,False,,12,18.0,26.91,0.3,2016-05-31,2016-05-31 00:00:00,5
74,146,Halloween skull mask (Gray) S,Gray,Each,Carton,,S,12,12,False,,12,18.0,26.91,0.3,2013-01-01,,5
383,146,Halloween skull mask (Gray) S,Steel Gray,Each,Carton,,S,12,12,False,,12,18.0,26.91,0.3,2016-05-31,2016-05-31 00:00:00,5
71,149,Halloween skull mask (Gray) XL,Gray,Each,Carton,,XL,12,12,False,,12,18.0,26.91,0.3,2013-01-01,,5
380,149,Halloween skull mask (Gray) XL,Steel Gray,Each,Carton,,xl,12,12,False,,12,18.0,26.91,0.3,2016-05-31,2016-05-31 00:00:00,5
76,144,Halloween zombie mask (Light Brown) L,Light Brown,Each,Carton,,L,12,12,False,,12,18.0,26.91,0.3,2013-01-01,,5
385,144,Halloween zombie mask (Light Brown) L,Light Brown,Each,Carton,,L,12,12,False,,12,18.0,26.91,0.3,2016-05-31,2016-05-31 00:00:00,5
77,143,Halloween zombie mask (Light Brown) M,Light Brown,Each,Carton,,M,12,12,False,,12,18.0,26.91,0.3,2013-01-01,,5
386,143,Halloween zombie mask (Light Brown) M,Light Brown,Each,Carton,,M,12,12,False,,12,18.0,26.91,0.3,2016-05-31,2016-05-31 00:00:00,5
78,142,Halloween zombie mask (Light Brown) S,Light Brown,Each,Carton,,s,12,12,False,,12,18.0,26.91,0.3,2013-01-01,,5
387,142,Halloween zombie mask (Light Brown) S,Light Brown,Each,Carton,,S,12,12,False,,12,18.0,26.91,0.3,2016-05-31,2016-05-31 00:00:00,5
75,145,Halloween zombie mask (Light Brown) XL,Light Brown,Each,Carton,,XL,12,12,False,,12,18.0,26.91,0.3,2013-01-01,,5
384,145,Halloween zombie mask (Light Brown) XL,Light Brown,Each,Carton,,XL,12,12,False,,12,18.0,26.91,0.3,2016-05-31,2016-05-31 00:00:00,5
163,57,IT joke mug - hardware: part of the computer that can be kicked (Black),Black,Each,Each,,,12,1,False,,12,13.0,19.44,0.15,2013-01-01,,5
249,57,IT joke mug - hardware: part of the computer that can be kicked (Black),Black,Each,Each,,,12,1,False,,12,13.0,19.44,0.15,2016-05-31,2016-05-31 00:00:00,5
164,56,IT joke mug - hardware: part of the computer that can be kicked (White),White,Each,Each,,,12,1,False,,12,13.0,19.44,0.15,2013-01-01,,5
250,56,IT joke mug - hardware: part of the computer that can be kicked (White),White,Each,Each,,,12,1,False,,12,13.0,19.44,0.15,2016-05-31,2016-05-31 00:00:00,5
167,53,IT joke mug - keyboard not found … press F1 to continue (Black),Black,Each,Each,,,12,1,False,,12,13.0,19.44,0.15,2013-01-01,,5
253,53,IT joke mug - keyboard not found … press F1 to continue (Black),Black,Each,Each,,,12,1,False,,12,13.0,19.44,0.15,2016-05-31,2016-05-31 00:00:00,5
168,52,IT joke mug - keyboard not found … press F1 to continue (White),White,Each,Each,,,12,1,False,,12,13.0,19.44,0.15,2013-01-01,,5
254,52,IT joke mug - keyboard not found … press F1 to continue (White),White,Each,Each,,,12,1,False,,12,13.0,19.44,0.15,2016-05-31,2016-05-31 00:00:00,5
165,55,IT joke mug - that behavior is by design (Black),Black,Each,Each,,,12,1,False,,12,13.0,19.44,0.15,2013-01-01,,5
251,55,IT joke mug - that behavior is by design (Black),Black,Each,Each,,,12,1,False,,12,13.0,19.44,0.15,2016-05-31,2016-05-31 00:00:00,5
166,54,IT joke mug - that behavior is by design (White),White,Each,Each,,,12,1,False,,12,13.0,19.44,0.15,2013-01-01,,5
252,54,IT joke mug - that behavior is by design (White),White,Each,Each,,,12,1,False,,12,13.0,19.44,0.15,2016-05-31,2016-05-31 00:00:00,5
8,212,Large  replacement blades 18mm,,Each,Each,,1 8 M m,14,10,False,,14,4.3,6.43,0.8,2013-01-01,,5
300,212,Large  replacement blades 18mm,,Each,Each,,18mm,14,10,False,,14,4.3,6.43,0.8,2016-05-31,2016-05-31 00:00:00,5
65,155,Large sized bubblewrap roll 50m,,Each,Each,,5 0 m,14,10,False,,14,24.0,35.88,10.0,2013-01-01,,5
357,155,Large sized bubblewrap roll 50m,,Each,Each,,50M,14,10,False,,14,24.0,35.88,10.0,2016-05-31,2016-05-31 00:00:00,5
66,154,Medium sized bubblewrap roll 20m,,Each,Each,,2 0 m,14,10,False,,14,20.0,29.9,6.0,2013-01-01,,5
358,154,Medium sized bubblewrap roll 20m,,Each,Each,,20m,14,10,False,,14,20.0,29.9,6.0,2016-05-31,2016-05-31 00:00:00,5
221,220,Novelty chilli chocolates 250g,,Bag,Carton,,250G,3,24,True,8302039293929.0,3,8.55,12.23,0.25,2016-01-01,,5
445,220,Novelty chilli chocolates 250g,,Bag,Carton,,250g,3,24,True,8302039293929.0,3,8.55,12.23,0.25,2016-05-31,9999-12-31 23:59:59.996000,5
220,221,Novelty chilli chocolates 500g,,Bag,Carton,,500g,3,12,True,8302039293647.0,3,14.5,20.74,0.5,2016-01-01,,5
446,221,Novelty chilli chocolates 500g,,Bag,Carton,,5 0 0 G,3,12,True,8302039293647.0,3,14.5,20.74,0.5,2016-05-31,9999-12-31 23:59:59.996000,5
217,3,Office cube periscope (Black),Black,Each,Carton,,,14,10,False,,14,18.5,27.66,0.25,2013-01-01,,5
398,3,Office cube periscope (Black),Black,Each,Carton,,,14,10,False,,14,18.5,27.66,0.25,2016-05-31,9999-12-31 23:59:59.996000,5
96,124,Ogre battery-powered slippers (Green) L,,Each,Each,,L,12,1,False,,12,32.0,47.84,0.35,2013-01-01,,5
373,124,Ogre battery-powered slippers (Green) L,,Each,Each,,L,12,1,False,,12,32.0,47.84,0.35,2016-05-31,2016-05-31 00:00:00,5
97,123,Ogre battery-powered slippers (Green) M,,Each,Each,,M,12,1,False,,12,32.0,47.84,0.35,2013-01-01,,5
374,123,Ogre battery-powered slippers (Green) M,,Each,Each,,M,12,1,False,,12,32.0,47.84,0.35,2016-05-31,2016-05-31 00:00:00,5
98,122,Ogre battery-powered slippers (Green) S,,Each,Each,,s,12,1,False,,12,32.0,47.84,0.35,2013-01-01,,5
375,122,Ogre battery-powered slippers (Green) S,,Each,Each,,S,12,1,False,,12,32.0,47.84,0.35,2016-05-31,2016-05-31 00:00:00,5
95,125,Ogre battery-powered slippers (Green) XL,,Each,Each,,XL,12,1,False,,12,32.0,47.84,0.4,2013-01-01,,5
372,125,Ogre battery-powered slippers (Green) XL,,Each,Each,,X l,12,1,False,,12,32.0,47.84,0.4,2016-05-31,2016-05-31 00:00:00,5
68,152,Pack of 12 action figures (female),,Packet,Packet,,,2,1,False,,2,16.0,23.92,0.25,2013-01-01,,5
388,152,Pack of 12 action figures (female),,Packet,Packet,,,2,1,False,,2,16.0,23.92,0.25,2016-05-31,2016-05-31 00:00:00,5
69,151,Pack of 12 action figures (male),,Packet,Packet,,,2,1,False,,2,16.0,23.92,0.25,2013-01-01,,5
389,151,Pack of 12 action figures (male),,Packet,Packet,,,2,1,False,,2,16.0,23.92,0.25,2016-05-31,2016-05-31 00:00:00,5
70,150,Pack of 12 action figures (variety),,Packet,Packet,,,2,1,False,,2,16.0,23.92,0.25,2013-01-01,,5
390,150,Pack of 12 action figures (variety),,Packet,Packet,,,2,1,False,,2,16.0,23.92,0.25,2016-05-31,2016-05-31 00:00:00,5
10,210,Packing knife with metal insert blade (Yellow) 18mm,,Each,Each,,18mm,14,5,False,,14,2.4,3.59,0.5,2013-01-01,,5
302,210,Packing knife with metal insert blade (Yellow) 18mm,,Each,Each,,18mm,14,5,False,,14,2.4,3.59,0.5,2016-05-31,2016-05-31 00:00:00,5
11,209,Packing knife with metal insert blade (Yellow) 9mm,,Each,Each,,9mm,14,5,False,,14,1.89,2.83,0.5,2013-01-01,,5
303,209,Packing knife with metal insert blade (Yellow) 9mm,,Each,Each,,9mm,14,5,False,,14,1.89,2.83,0.5,2016-05-31,2016-05-31 00:00:00,5
14,206,Permanent marker black 5mm nib (Black) 5mm,,Each,Each,,5mm,14,12,False,,14,2.7,4.04,0.1,2013-01-01,,5
306,206,Permanent marker black 5mm nib (Black) 5mm,,Each,Each,,5 m m,14,12,False,,14,2.7,4.04,0.1,2016-05-31,2016-05-31 00:00:00,5
13,207,Permanent marker blue 5mm nib (Blue) 5mm,,Each,Each,,5 m m,14,12,False,,14,2.7,4.04,0.1,2013-01-01,,5
305,207,Permanent marker blue 5mm nib (Blue) 5mm,,Each,Each,,5mm,14,12,False,,14,2.7,4.04,0.1,2016-05-31,2016-05-31 00:00:00,5
12,208,Permanent marker red 5mm nib (Red) 5mm,,Each,Each,,5mm,14,12,False,,14,2.7,4.04,0.1,2013-01-01,,5
304,208,Permanent marker red 5mm nib (Red) 5mm,,Each,Each,,5 M m,14,12,False,,14,2.7,4.04,0.1,2016-05-31,2016-05-31 00:00:00,5
92,128,Plush shark slippers (Gray) L,Gray,Each,Each,,L,12,1,False,,12,32.0,47.84,0.35,2013-01-01,,5
369,128,Plush shark slippers (Gray) L,Steel Gray,Each,Each,,L,12,1,False,,12,32.0,47.84,0.35,2016-05-31,2016-05-31 00:00:00,5
93,127,Plush shark slippers (Gray) M,Gray,Each,Each,,M,12,1,False,,12,32.0,47.84,0.35,2013-01-01,,5
370,127,Plush shark slippers (Gray) M,Steel Gray,Each,Each,,M,12,1,False,,12,32.0,47.84,0.35,2016-05-31,2016-05-31 00:00:00,5
94,126,Plush shark slippers (Gray) S,Gray,Each,Each,,S,12,1,False,,12,32.0,47.84,0.35,2013-01-01,,5
371,126,Plush shark slippers (Gray) S,Steel Gray,Each,Each,,S,12,1,False,,12,32.0,47.84,0.35,2016-05-31,2016-05-31 00:00:00,5
91,129,Plush shark slippers (Gray) XL,Gray,Each,Each,,XL,12,1,False,,12,32.0,47.84,0.4,2013-01-01,,5
368,129,Plush shark slippers (Gray) XL,Steel Gray,Each,Each,,X L,12,1,False,,12,32.0,47.84,0.4,2016-05-31,2016-05-31 00:00:00,5
154,66,RC big wheel monster truck with remote control (Black) 1/50 scale,Black,Each,Each,N O R T H W I N D,1/50 scale,14,1,False,,14,45.0,67.28,1.8,2013-01-01,,5
228,66,RC big wheel monster truck with remote control (Black) 1/50 scale,Black,Each,Each,Northwind,1/50 scale,14,1,False,,14,45.0,67.28,1.8,2016-05-31,2016-05-31 00:00:00,5
162,58,RC toy sedan car with remote control (Black) 1/50 scale,Black,Each,Each,Northwind,1/50 scale,14,1,False,,14,25.0,37.38,1.5,2013-01-01,,5
236,58,RC toy sedan car with remote control (Black) 1/50 scale,Black,Each,Each,Northwind,1/50 scale,14,1,False,,14,25.0,37.38,1.5,2016-05-31,2016-05-31 00:00:00,5
160,60,RC toy sedan car with remote control (Blue) 1/50 scale,Blue,Each,Each,Northwind,1/50 scale,14,1,False,,14,25.0,37.38,1.5,2013-01-01,,5
234,60,RC toy sedan car with remote control (Blue) 1/50 scale,Blue,Each,Each,Northwind,1/50 scale,14,1,False,,14,25.0,37.38,1.5,2016-05-31,2016-05-31 00:00:00,5
159,61,RC toy sedan car with remote control (Green) 1/50 scale,,Each,Each,Northwind,1/50 scale,14,1,False,,14,25.0,37.38,1.5,2013-01-01,,5
233,61,RC toy sedan car with remote control (Green) 1/50 scale,,Each,Each,Northwind,1/50 scale,14,1,False,,14,25.0,37.38,1.5,2016-05-31,2016-05-31 00:00:00,5
157,63,RC toy sedan car with remote control (Pink) 1/50 scale,,Each,Each,Northwind,1/50 scale,14,1,False,,14,25.0,37.38,1.5,2013-01-01,,5
231,63,RC toy sedan car with remote control (Pink) 1/50 scale,,Each,Each,Northwind,1/50 scale,14,1,False,,14,25.0,37.38,1.5,2016-05-31,2016-05-31 00:00:00,5
161,59,RC toy sedan car with remote control (Red) 1/50 scale,Red,Each,Each,N o r t h w i n d,1/50 scale,14,1,False,,14,25.0,37.38,1.5,2013-01-01,,5
235,59,RC toy sedan car with remote control (Red) 1/50 scale,Red,Each,Each,n o r t h w i n d,1/50 scale,14,1,False,,14,25.0,37.38,1.5,2016-05-31,2016-05-31 00:00:00,5
158,62,RC toy sedan car with remote control (Yellow) 1/50 scale,Yellow,Each,Each,Northwind,1/50 scale,14,1,False,,14,25.0,37.38,1.5,2013-01-01,,5
232,62,RC toy sedan car with remote control (Yellow) 1/50 scale,Yellow,Each,Each,Northwind,1/50 scale,14,1,False,,14,25.0,37.38,1.5,2016-05-31,2016-05-31 00:00:00,5
155,65,RC vintage American toy coupe with remote control (Black) 1/50 scale,Black,Each,Each,Northwind,1/50 scale,14,1,False,,14,30.0,44.85,1.7,2013-01-01,,5
229,65,RC vintage American toy coupe with remote control (Black) 1/50 scale,Black,Each,Each,N   o   r   t   h   w   i   n   d,1/50 scale,14,1,False,,14,30.0,44.85,1.7,2016-05-31,2016-05-31 00:00:00,5
156,64,RC vintage American toy coupe with remote control (Red) 1/50 scale,Red,Each,Each,Northwind,1/50 scale,14,1,False,,14,30.0,44.85,1.7,2013-01-01,,5
230,64,RC vintage American toy coupe with remote control (Red) 1/50 scale,Red,Each,Each,Northwind,1/50 scale,14,1,False,,14,30.0,44.85,1.7,2016-05-31,2016-05-31 00:00:00,5
18,202,Red and white urgent  heavy despatch tape  48mmx100m,,Each,Each,,48mmx100m,14,24,False,,14,4.1,6.13,0.7,2013-01-01,,5
310,202,Red and white urgent  heavy despatch tape  48mmx100m,,Each,Each,,48mmx100m,14,24,False,,14,4.1,6.13,0.7,2016-05-31,2016-05-31 00:00:00,5
19,201,Red and white urgent despatch tape 48mmx75m,,Each,Each,,48mmx75m,14,24,False,,14,3.7,5.53,0.5,2013-01-01,,5
311,201,Red and white urgent despatch tape 48mmx75m,,Each,Each,,48mmx75m,14,24,False,,14,3.7,5.53,0.5,2016-05-31,2016-05-31 00:00:00,5
145,75,Ride on big wheel monster truck (Black) 1/12 scale,Black,Each,Each,n O R T H W I N D,1/12 SCALE,14,1,False,,14,345.0,515.78,21.0,2013-01-01,,5
391,75,Ride on big wheel monster truck (Black) 1/12 scale,Black,Each,Each,Northwind,1/12 SCALE,14,1,False,,14,345.0,515.78,21.0,2016-05-31,2016-05-31 00:00:00,5
153,67,Ride on toy sedan car (Black) 1/12 scale,Black,Each,Each,Northwind,1 / 1 2   S c a l e,14,1,False,,14,230.0,343.85,15.0,2013-01-01,,5
397,67,Ride on toy sedan car (Black) 1/12 scale,Black,Each,Each,Northwind,1/12 scale,14,1,False,,14,230.0,343.85,15.0,2016-05-31,2016-05-31 00:00:00,5
151,69,Ride on toy sedan car (Blue) 1/12 scale,Blue,Each,Each,Northwind,1/12 scale,14,1,False,,14,230.0,343.85,15.0,2013-01-01,,5
395,69,Ride on toy sedan car (Blue) 1/12 scale,Blue,Each,Each,northwind,1/12 scale,14,1,False,,14,230.0,343.85,15.0,2016-05-31,2016-05-31 00:00:00,5
150,70,Ride on toy sedan car (Green) 1/12 scale,,Each,Each,northwind,1/12 scale,14,1,False,,14,230.0,343.85,15.0,2013-01-01,,5
394,70,Ride on toy sedan car (Green) 1/12 scale,,Each,Each,N O R T H W I N D,1/12 scale,14,1,False,,14,230.0,343.85,15.0,2016-05-31,2016-05-31 00:00:00,5
148,72,Ride on toy sedan car (Pink) 1/12 scale,,Each,Each,Northwind,1 / 1 2   s c a l e,14,1,False,,14,230.0,343.85,15.0,2013-01-01,,5
392,72,Ride on toy sedan car (Pink) 1/12 scale,,Each,Each,Northwind,1/12 scale,14,1,False,,14,230.0,343.85,15.0,2016-05-31,2016-05-31 00:00:00,5
152,68,Ride on toy sedan car (Red) 1/12 scale,Red,Each,Each,n o r t h w i n d,1/12 scale,14,1,False,,14,230.0,343.85,15.0,2013-01-01,,5
396,68,Ride on toy sedan car (Red) 1/12 scale,Red,Each,Each,Northwind,1 / 1 2   s c a l e,14,1,False,,14,230.0,343.85,15.0,2016-05-31,2016-05-31 00:00:00,5
149,71,Ride on toy sedan car (Yellow) 1/12 scale,Yellow,Each,Each,N O r t h w i n d,1/12 scale,14,1,False,,14,230.0,343.85,15.0,2013-01-01,,5
393,71,Ride on toy sedan car (Yellow) 1/12 scale,Yellow,Each,Each,Northwind,1/12 scale,14,1,False,,14,230.0,343.85,15.0,2016-05-31,2016-05-31 00:00:00,5
146,74,Ride on vintage American toy coupe (Black) 1/12 scale,Black,Each,Each,Northwind,1/12 scAle,14,1,False,,14,285.0,426.08,18.0,2013-01-01,,5
453,74,Ride on vintage American toy coupe (Black) 1/12 scale,Black,Each,Each,Northwind,1/12 scale,14,1,False,,14,285.0,426.08,18.0,2016-05-31,2016-05-31 00:00:00,5
147,73,Ride on vintage American toy coupe (Red) 1/12 scale,Red,Each,Each,Northwind,1/12 Scale,14,1,False,,14,285.0,426.08,18.0,2013-01-01,,5
454,73,Ride on vintage American toy coupe (Red) 1/12 scale,Red,Each,Each,Northwind,1/12 scale,14,1,False,,14,285.0,426.08,18.0,2016-05-31,2016-05-31 00:00:00,5
41,179,Shipping carton (Brown) 229x229x229mm,,Each,Each,,229x229x229mm,14,25,False,,14,1.05,1.57,0.3,2013-01-01,,5
333,179,Shipping carton (Brown) 229x229x229mm,,Each,Each,,229x229x229mm,14,25,False,,14,1.05,1.57,0.3,2016-05-31,2016-05-31 00:00:00,5
40,180,Shipping carton (Brown) 279x254x217mm,,Each,Each,,279x254x217mm,14,25,False,,14,1.11,1.66,0.3,2013-01-01,,5
332,180,Shipping carton (Brown) 279x254x217mm,,Each,Each,,279x254x217mm,14,25,False,,14,1.11,1.66,0.3,2016-05-31,2016-05-31 00:00:00,5
36,184,Shipping carton (Brown) 305x305x305mm,,Each,Each,,305x305x305mm,14,25,False,,14,3.5,5.23,0.3,2013-01-01,,5
328,184,Shipping carton (Brown) 305x305x305mm,,Each,Each,,305x305x305mm,14,25,False,,14,3.5,5.23,0.3,2016-05-31,2016-05-31 00:00:00,5
39,181,Shipping carton (Brown) 356x229x229mm,,Each,Each,,3 5 6 X 2 2 9 X 2 2 9 M M,14,25,False,,14,1.14,1.7,0.4,2013-01-01,,5
331,181,Shipping carton (Brown) 356x229x229mm,,Each,Each,,356x229x229mm,14,25,False,,14,1.14,1.7,0.4,2016-05-31,2016-05-31 00:00:00,5
35,185,Shipping carton (Brown) 356x356x279mm,,Each,Each,,356x356x279mm,14,25,False,,14,2.04,3.05,0.3,2013-01-01,,5
327,185,Shipping carton (Brown) 356x356x279mm,,Each,Each,,3 5 6 X 3 5 6 X 2 7 9 M M,14,25,False,,14,2.04,3.05,0.3,2016-05-31,2016-05-31 00:00:00,5
43,177,Shipping carton (Brown) 413x285x187mm,,Each,Each,,4 1 3 x 2 8 5 x 1 8 7 m m,14,25,False,,14,1.05,1.57,0.3,2013-01-01,,5
335,177,Shipping carton (Brown) 413x285x187mm,,Each,Each,,413x285x187mm,14,25,False,,14,1.05,1.57,0.3,2016-05-31,2016-05-31 00:00:00,5
38,182,Shipping carton (Brown) 457x279x279mm,,Each,Each,,457x279x279mm,14,25,False,,14,1.28,1.91,0.4,2013-01-01,,5
330,182,Shipping carton (Brown) 457x279x279mm,,Each,Each,,4   5   7   x   2   7   9   x   2   7   9   m   m,14,25,False,,14,1.28,1.91,0.4,2016-05-31,2016-05-31 00:00:00,5
34,186,Shipping carton (Brown) 457x457x457mm,,Each,Each,,4 5 7 X 4 5 7 X 4 5 7 M M,14,25,False,,14,2.1,3.14,0.4,2013-01-01,,5
326,186,Shipping carton (Brown) 457x457x457mm,,Each,Each,,457x457x457mm,14,25,False,,14,2.1,3.14,0.4,2016-05-31,2016-05-31 00:00:00,5
37,183,Shipping carton (Brown) 480x270x320mm,,Each,Each,,480x270x320mm,14,25,False,,14,2.74,4.1,0.4,2013-01-01,,5
329,183,Shipping carton (Brown) 480x270x320mm,,Each,Each,,480x270x320mm,14,25,False,,14,2.74,4.1,0.4,2016-05-31,2016-05-31 00:00:00,5
42,178,Shipping carton (Brown) 500x310x310mm,,Each,Each,,500x310x310mm,14,25,False,,14,2.55,3.81,0.4,2013-01-01,,5
334,178,Shipping carton (Brown) 500x310x310mm,,Each,Each,,5 0 0 X 3 1 0 X 3 1 0 M M,14,25,False,,14,2.55,3.81,0.4,2016-05-31,2016-05-31 00:00:00,5
9,211,Small 9mm replacement blades 9mm,,Each,Each,,9mm,14,10,False,,14,4.1,6.13,0.7,2013-01-01,,5
301,211,Small 9mm replacement blades 9mm,,Each,Each,,9MM,14,10,False,,14,4.1,6.13,0.7,2016-05-31,2016-05-31 00:00:00,5
67,153,Small sized bubblewrap roll 10m,,Each,Each,,10m,14,10,False,,14,4.5,6.73,5.0,2013-01-01,,5
359,153,Small sized bubblewrap roll 10m,,Each,Each,,1 0 M,14,10,False,,14,4.5,6.73,5.0,2016-05-31,2016-05-31 00:00:00,5
105,115,Superhero action jacket (Blue) 3XL,Blue,Each,Each,,3XL,12,1,False,,12,34.0,50.83,0.4,2013-01-01,,5
438,115,Superhero action jacket (Blue) 3XL,Blue,Each,Each,,3XL,12,1,False,,12,34.0,50.83,0.4,2016-05-31,9999-12-31 23:59:59.996000,5
113,107,Superhero action jacket (Blue) 3XS,Blue,Each,Each,,3XS,12,1,False,,12,25.0,37.38,0.3,2013-01-01,,5
430,107,Superhero action jacket (Blue) 3XS,Blue,Each,Each,,3xs,12,1,False,,12,25.0,37.38,0.3,2016-05-31,9999-12-31 23:59:59.996000,5
104,116,Superhero action jacket (Blue) 4XL,Blue,Each,Each,,4XL,12,1,False,,12,34.0,50.83,0.4,2013-01-01,,5
439,116,Superhero action jacket (Blue) 4XL,Blue,Each,Each,,4XL,12,1,False,,12,34.0,50.83,0.4,2016-05-31,9999-12-31 23:59:59.996000,5
103,117,Superhero action jacket (Blue) 5XL,Blue,Each,Each,,5XL,12,1,False,,12,34.0,50.83,0.4,2013-01-01,,5
440,117,Superhero action jacket (Blue) 5XL,Blue,Each,Each,,5XL,12,1,False,,12,34.0,50.83,0.4,2016-05-31,9999-12-31 23:59:59.996000,5
108,112,Superhero action jacket (Blue) L,Blue,Each,Each,,L,12,1,False,,12,30.0,44.85,0.35,2013-01-01,,5
435,112,Superhero action jacket (Blue) L,Blue,Each,Each,,L,12,1,False,,12,30.0,44.85,0.35,2016-05-31,9999-12-31 23:59:59.996000,5
109,111,Superhero action jacket (Blue) M,Blue,Each,Each,,m,12,1,False,,12,30.0,44.85,0.35,2013-01-01,,5
434,111,Superhero action jacket (Blue) M,Blue,Each,Each,,M,12,1,False,,12,30.0,44.85,0.35,2016-05-31,9999-12-31 23:59:59.996000,5
110,110,Superhero action jacket (Blue) S,Blue,Each,Each,,s,12,1,False,,12,25.0,37.38,0.3,2013-01-01,,5
433,110,Superhero action jacket (Blue) S,Blue,Each,Each,,S,12,1,False,,12,25.0,37.38,0.3,2016-05-31,9999-12-31 23:59:59.996000,5
107,113,Superhero action jacket (Blue) XL,Blue,Each,Each,,XL,12,1,False,,12,30.0,44.85,0.35,2013-01-01,,5
436,113,Superhero action jacket (Blue) XL,Blue,Each,Each,,X l,12,1,False,,12,30.0,44.85,0.35,2016-05-31,9999-12-31 23:59:59.996000,5
111,109,Superhero action jacket (Blue) XS,Blue,Each,Each,,x s,12,1,False,,12,25.0,37.38,0.3,2013-01-01,,5
432,109,Superhero action jacket (Blue) XS,Blue,Each,Each,,X s,12,1,False,,12,25.0,37.38,0.3,2016-05-31,9999-12-31 23:59:59.996000,5
106,114,Superhero action jacket (Blue) XXL,Blue,Each,Each,,X X L,12,1,False,,12,30.0,44.85,0.35,2013-01-01,,5
437,114,Superhero action jacket (Blue) XXL,Blue,Each,Each,,XXL,12,1,False,,12,30.0,44.85,0.35,2016-05-31,9999-12-31 23:59:59.996000,5
112,108,Superhero action jacket (Blue) XXS,Blue,Each,Each,,XXS,12,1,False,,12,25.0,37.38,0.3,2013-01-01,,5
431,108,Superhero action jacket (Blue) XXS,Blue,Each,Each,,XXS,12,1,False,,12,25.0,37.38,0.3,2016-05-31,9999-12-31 23:59:59.996000,5
17,203,Tape dispenser (Black),,Each,Each,,,20,10,False,,20,32.0,47.84,1.0,2013-01-01,,5
309,203,Tape dispenser (Black),,Each,Each,,,20,10,False,,20,32.0,47.84,1.0,2016-05-31,2016-05-31 00:00:00,5
15,205,Tape dispenser (Blue),,Each,Each,,,20,10,False,,20,32.0,47.84,1.0,2013-01-01,,5
307,205,Tape dispenser (Blue),,Each,Each,,,20,10,False,,20,32.0,47.84,1.0,2016-05-31,2016-05-31 00:00:00,5
16,204,Tape dispenser (Red),,Each,Each,,,20,10,False,,20,32.0,47.84,1.0,2013-01-01,,5
308,204,Tape dispenser (Red),,Each,Each,,,20,10,False,,20,32.0,47.84,1.0,2016-05-31,2016-05-31 00:00:00,5
211,9,USB food flash drive - banana,,Each,Each,,,14,1,False,,14,32.0,47.84,0.05,2013-01-01,,5
243,9,USB food flash drive - banana,,Each,Each,,,14,1,False,,14,32.0,47.84,0.05,2016-05-31,2016-05-31 00:00:00,5
210,10,USB food flash drive - chocolate bar,,Each,Each,,,14,1,False,,14,32.0,47.84,0.05,2013-01-01,,5
242,10,USB food flash drive - chocolate bar,,Each,Each,,,14,1,False,,14,32.0,47.84,0.05,2016-05-31,2016-05-31 00:00:00,5
209,11,USB food flash drive - cookie,,Each,Each,,,14,1,False,,14,32.0,47.84,0.05,2013-01-01,,5
241,11,USB food flash drive - cookie,,Each,Each,,,14,1,False,,14,32.0,47.84,0.05,2016-05-31,2016-05-31 00:00:00,5
205,15,USB food flash drive - dessert 10 drive variety pack,,Packet,Packet,,,14,1,False,,14,240.0,358.8,0.5,2013-01-01,,5
237,15,USB food flash drive - dessert 10 drive variety pack,,Packet,Packet,,,14,1,False,,14,240.0,358.8,0.5,2016-05-31,2016-05-31 00:00:00,5
212,8,USB food flash drive - dim sum 10 drive variety pack,,Packet,Packet,,,14,1,False,,14,240.0,358.8,0.5,2013-01-01,,5
244,8,USB food flash drive - dim sum 10 drive variety pack,,Packet,Packet,,,14,1,False,,14,240.0,358.8,0.5,2016-05-31,2016-05-31 00:00:00,5
208,12,USB food flash drive - donut,,Each,Each,,,14,1,False,,14,32.0,47.84,0.05,2013-01-01,,5
240,12,USB food flash drive - donut,,Each,Each,,,14,1,False,,14,32.0,47.84,0.05,2016-05-31,2016-05-31 00:00:00,5
206,14,USB food flash drive - fortune cookie,,Each,Each,,,14,1,False,,14,32.0,47.84,0.05,2013-01-01,,5
238,14,USB food flash drive - fortune cookie,,Each,Each,,,14,1,False,,14,32.0,47.84,0.05,2016-05-31,2016-05-31 00:00:00,5
215,5,USB food flash drive - hamburger,,Each,Each,,,14,1,False,,14,32.0,47.84,0.05,2013-01-01,,5
247,5,USB food flash drive - hamburger,,Each,Each,,,14,1,False,,14,32.0,47.84,0.05,2016-05-31,2016-05-31 00:00:00,5
214,6,USB food flash drive - hot dog,,Each,Each,,,14,1,False,,14,32.0,47.84,0.05,2013-01-01,,5
246,6,USB food flash drive - hot dog,,Each,Each,,,14,1,False,,14,32.0,47.84,0.05,2016-05-31,2016-05-31 00:00:00,5
213,7,USB food flash drive - pizza slice,,Each,Each,,,14,1,False,,14,32.0,47.84,0.05,2013-01-01,,5
245,7,USB food flash drive - pizza slice,,Each,Each,,,14,1,False,,14,32.0,47.84,0.05,2016-05-31,2016-05-31 00:00:00,5
207,13,USB food flash drive - shrimp cocktail,,Each,Each,,,14,1,False,,14,32.0,47.84,0.05,2013-01-01,,5
239,13,USB food flash drive - shrimp cocktail,,Each,Each,,,14,1,False,,14,32.0,47.84,0.05,2016-05-31,2016-05-31 00:00:00,5
216,4,USB food flash drive - sushi roll,,Each,Each,,,14,1,False,,14,32.0,47.84,0.05,2013-01-01,,5
248,4,USB food flash drive - sushi roll,,Each,Each,,,14,1,False,,14,32.0,47.84,0.05,2016-05-31,2016-05-31 00:00:00,5
219,1,USB missile launcher (Green),,Each,Each,,,14,1,False,,14,25.0,37.38,0.3,2013-01-01,,5
292,1,USB missile launcher (Green),,Each,Each,,,14,1,False,,14,25.0,37.38,0.3,2016-05-31,2016-05-31 00:00:00,5
218,2,USB rocket launcher (Gray),Gray,Each,Each,,,14,1,False,,14,25.0,37.38,0.3,2013-01-01,,5
291,2,USB rocket launcher (Gray),Steel Gray,Each,Each,,,14,1,False,,14,25.0,37.38,0.3,2016-05-31,2016-05-31 00:00:00,5
0,0,Unknown,,,,,,0,0,False,,0,0.0,0.0,0.0,2013-01-01,9999-12-31 23:59:59.996000,0
4,216,Void fill 100 L bag (White) 100L,,Each,Each,,100L,14,10,False,,14,12.5,18.69,0.25,2013-01-01,,5
296,216,Void fill 100 L bag (White) 100L,,Each,Each,,100L,14,10,False,,14,12.5,18.69,0.25,2016-05-31,2016-05-31 00:00:00,5
3,217,Void fill 200 L bag (White) 200L,,Each,Each,,2 0 0 l,14,10,False,,14,25.0,37.38,0.5,2013-01-01,,5
295,217,Void fill 200 L bag (White) 200L,,Each,Each,,200L,14,10,False,,14,25.0,37.38,0.5,2016-05-31,2016-05-31 00:00:00,5
2,218,Void fill 300 L bag (White) 300L,,Each,Each,,300L,14,10,False,,14,37.5,56.06,0.75,2013-01-01,,5
294,218,Void fill 300 L bag (White) 300L,,Each,Each,,3 0 0 l,14,10,False,,14,37.5,56.06,0.75,2016-05-31,2016-05-31 00:00:00,5
1,219,Void fill 400 L bag (White) 400L,,Each,Each,,400L,14,10,False,,14,50.0,74.75,1.0,2013-01-01,,5
293,219,Void fill 400 L bag (White) 400L,,Each,Each,,400L,14,10,False,,14,50.0,74.75,1.0,2016-05-31,2016-05-31 00:00:00,5
226,227,White chocolate moon rocks 250g,,Bag,Carton,,2 5 0 g,3,24,True,8792838293289.0,3,8.55,12.23,0.25,2016-05-01,,5
452,227,White chocolate moon rocks 250g,,Bag,Carton,,250g,3,24,True,8792838293289.0,3,8.55,12.23,0.25,2016-05-31,9999-12-31 23:59:59.996000,5
227,226,White chocolate snow balls 250g,,Bag,Carton,,2 5 0 g,3,24,True,8792838293236.0,3,8.55,12.23,0.25,2016-01-05,,5
451,226,White chocolate snow balls 250g,,Bag,Carton,,250g,3,24,True,8792838293236.0,3,8.55,12.23,0.25,2016-05-31,9999-12-31 23:59:59.996000,5
